passenger_id,firstname,lastname,birthdate,email,phone_number
1,Kylian,Huffman,31-01-1982,nonummy@velnisl.ca,0641389969
2,Florentin,Madden,26-07-1977,auctor@dapibusid.co.uk,0620703304
3,Lena,Garner,08-02-1979,eu.odio.tristique@Morbiquis.org,0713846749
4,Nathan,Adams,27-04-1985,ante@venenatisamagna.edu,0724526999
5,Lana,Dawson,25-04-1953,ac.mi@vestibulum.org,0629271460
6,Lutécia,Watts,28-05-1967,et@suspendisse.co.uk,0768606151
7,Dylan,Kim,18-06-2002,turpis.egestas.fusce@elit.edu,0724087197
8,Macéo,Hancock,28-02-2006,tempor.bibendum@dui.edu,0704402136
9,Romane,Hansen,20-02-2002,feugiat@nisiaeneaneget.co.uk,0683703198
10,Kylian,Kirby,26-12-1961,lorem.sit@porttitor.edu,0644070538
11,Louna,Emerson,09-05-2012,a.felis@orciluctus.ca,0768839888
12,Zoé,Riley,09-04-1969,a@eumetus.org,0604717719
13,Léane,Ware,02-02-1982,erat.neque.non@velitcraslorem.ca,0737007879
14,Romain,Garcia,24-08-1994,natoque.penatibus.et@arcused.com,0741701633
15,Jasmine,Shannon,29-06-1971,mauris@velturpis.edu,0678171699
16,Léonie,Anthony,22-11-1985,egestas.fusce@auctorodio.org,0736834764
17,Lola,Franks,11-10-1987,urna@praesentluctuscurabitur.ca,0762736755
18,Juliette,Odom,11-10-1953,lacus.quisque@lacusut.co.uk,0732951051
19,Macéo,Brock,11-09-1967,convallis@maurisnon.net,0776142352
20,Valentine,Oconnor,11-09-2003,nec.tempus.mauris@ipsumac.edu,0703129918
21,Mehdi,Douglas,14-06-1970,consequat@donecfelisorci.com,0689408075
22,Élouan,Nixon,03-05-1990,commodo@euultricessit.org,0601186790
23,Léane,Ellis,21-08-1956,et.rutrum@atpedeCras.co.uk,0602218225
24,Laura,Benson,31-03-1999,In.nec.orci@acmetus.net,0746629149
25,Erwan,Barry,02-05-1957,a.purus.duis@orci.net,0613523740
26,Davy,Spencer,30-01-2015,augue.eu.tempor@tristique.net,0684989987
27,Loane,Jensen,17-07-1958,nunc.est@magnisdisparturient.com,0621857599
28,Tristan,Holden,07-02-1987,dolor.quisque@nonummyac.com,0671950634
29,Julia,Mason,17-08-1978,sollicitudin.orci@fermentumarcuvestibulum.edu,0785334328
30,Chaïma,Buck,28-10-1983,sem.eget.massa@ipsumnonarcu.com,0732086879
31,Clara,Witt,15-11-2007,sem@neque.com,0638612634
32,Renaud,Dorsey,25-09-1968,mauris.elit.dictum@necquam.net,0612899949
33,Aaron,Macias,02-06-1961,sed.eget.lacus@elit.co.uk,0614253964
34,Maïlé,Barr,29-10-1978,dolor.sit@eget.edu,0637835056
35,Élisa,Mcintosh,20-11-1988,ac.mattis@arcuvel.ca,0637822019
36,Maxence,Levine,25-10-1999,rutrum.justo@sed.com,0773020749
37,Alicia,Goodman,09-10-1963,quis.lectus@velitcras.com,0660420242
38,Mathieu,Fry,05-04-1991,molestie.pharetra.nibh@sit.com,0650724211
39,Thomas,Riggs,12-01-1981,dolor.vitae@quama.org,0726937611
40,Zacharis,Floyd,28-11-1960,mollis.Duis.sit@nullaante.ca,0667804947
41,Noë,Emerson,27-06-1977,massa.mauris.vestibulum@semut.ca,0743997921
42,Ambre,Cameron,11-10-2008,nam.nulla@sapien.org,0662942314
43,Adrien,Garcia,06-07-1978,tempus.eu@fringillaeuismod.co.uk,0750185463
44,Louis,Workman,01-01-1998,torquent.per@tinciduntdonec.org,0699174884
45,Ambre,Medina,15-01-2006,libero.nec@estnunc.org,0740721044
46,Mattéo,Langley,10-04-2014,cursus@arcu.net,0682829985
47,Davy,Kelley,13-10-1964,vitae@dignissim.org,0724392186
48,Titouan,Henderson,21-01-1951,tristique@veliteget.ca,0619276747
49,Emma,Giles,29-12-2008,nullam.nisl.maecenas@auctor.edu,0673673953
50,Lou,Marsh,19-05-2003,a@tinciduntadipiscingmauris.ca,0773635038
51,Yohan,Gross,06-06-1985,at.egestas.a@risus.net,0792902565
52,Bienvenue,Marsh,10-05-1980,lectus.pede.ultrices@inmagna.ca,0706952414
53,Emma,Gentry,29-07-1991,et.magnis@ante.com,0700785700
54,Anaël,Erickson,02-05-2000,aliquam@nequemorbiquis.ca,0664387820
55,Samuel,Henderson,25-08-2008,aenean@dui.org,0635376579
56,Bruno,Kennedy,17-06-2015,amet.metus@eratsed.ca,0792668827
57,Capucine,Estes,24-02-1964,sem.ut.cursus@eutellusphasellus.edu,0788824654
58,Julien,Turner,26-08-2018,dis.parturient@viverradonec.edu,0615630578
59,Alexis,Mccormick,21-05-1979,integer@utdolor.edu,0716645348
60,Mathis,Robles,09-07-2005,neque.nullam@ut.ca,0651658213
61,Anna,Mcclain,07-03-1998,eu@ultriciessemmagna.co.uk,0699960776
62,Kyllian,Delacruz,01-04-2010,pharetra.felis@duiaugue.co.uk,0603197140
63,Juliette,Branch,24-07-2015,quis.turpis@nec.org,0710186104
64,Killian,Travis,02-07-2009,vel@et.org,0775971351
65,Loevan,Hunter,28-11-1987,dui.nec.tempus@parturientmontes.org,0755390584
66,Lucas,Zamora,25-04-2005,tristique.pellentesque.tellus@metusvivamuseuismod.edu,0736664528
67,Amine,Stokes,06-10-1968,sit.amet.risus@adipiscinglobortisrisus.ca,0674935158
68,Killian,Sanders,10-02-1990,purus.accumsan@aliquetdiamSed.ca,0657899878
69,Léo,Atkins,21-01-1970,quam.pellentesque.habitant@sollicitudinadipiscingligula.ca,0712017354
70,Léo,Dickerson,21-06-1986,a.aliquet.vel@Nullamsuscipit.net,0675082908
71,Mélissa,Russo,26-01-1999,lacus.quisque@elementumloremut.com,0767981955
72,Kylian,White,13-11-1969,proin@dis.org,0686379095
73,Noah,Drake,11-02-1978,justo.praesent@euismod.org,0732041619
74,Evan,Hewitt,01-12-1973,nibh.dolor@semeget.ca,0667474141
75,Catherine,Nielsen,12-09-1958,pharetra@nibh.co.uk,0745420705
76,Ethan,Sutton,07-09-1987,tincidunt@odioa.ca,0604758427
77,Antonin,Maynard,25-02-1992,metus.Aenean.sed@mattissemperdui.co.uk,0775027775
78,Agathe,Henderson,14-12-1969,Nulla.eget.metus@lacinia.net,0615737377
79,Juliette,Knapp,30-11-2015,sit.amet.ante@Vestibulum.org,0670072470
80,Amine,Castillo,13-01-1982,ante.ipsum.primis@liberoestcongue.net,0643690406
81,Corentin,Nelson,17-04-2000,ac.turpis@Duis.net,0756329760
82,Bruno,Slater,04-07-1978,a.feugiat@Phasellus.co.uk,0792465607
83,Léa,Richardson,30-07-2020,elit.elit@Duisacarcu.co.uk,0740523031
84,Tom,Meyers,25-01-2012,lorem.sit@velitPellentesqueultricies.ca,0701411265
85,Léane,Mcbride,26-02-1996,Donec.tempus@ultricesiaculis.net,0710434118
86,Mathéo,Shannon,22-10-1954,Curabitur@augueeutellus.co.uk,0770062011
87,Léonard,Lott,06-12-1984,auctor.velit@malesuada.ca,0652257950
88,Maelys,Petersen,07-03-1967,vitae.risus@cursusInteger.co.uk,0681713080
89,Lana,Mcdowell,02-05-2002,aliquam.erat@metusaeneansed.net,0780723488
90,Samuel,Ewing,31-03-2015,et.ipsum@quamPellentesquehabitant.co.uk,0645307256
91,Lena,Mccoy,30-04-1965,turpis@fuscemollisduis.net,0726936997
92,Esteban,Rasmussen,28-06-2017,placerat.eget.venenatis@Nulla.co.uk,0611350339
93,Anaël,Garcia,13-10-1987,penatibus.et@egettinciduntdui.org,0680072932
94,Élisa,Pope,23-11-2006,odio@ac.net,0705097725
95,Julien,Lloyd,26-10-1960,ipsum@velquam.org,0723964436
96,Enzo,Donaldson,05-04-2005,ultrices@semutcursus.ca,0629342725
97,Yasmine,Morris,10-01-2017,sapien.imperdiet@consectetuercursuset.org,0649441582
98,Cloé,Monroe,02-12-1974,tellus@scelerisquemollis.net,0639437936
99,Maxence,Nichols,27-11-2021,ipsum.Suspendisse@congue.org,0695731040
100,Marwane,Cotton,11-08-2016,nonummy@luctus.com,0669258484
101,Alexis,Orr,12-06-1985,tellus.Nunc@iaculisodio.ca,0694324842
102,Romain,Burke,19-06-1976,nam.nulla@ridiculusmus.co.uk,0747119670
103,Timothée,Herman,19-10-1995,sed.dui@aliquam.net,0653329656
104,Antoine,Hopkins,19-08-2017,aliquet@malesuada.com,0736333694
105,Adrien,Meadows,22-04-2005,sed.id.risus@nulla.org,0746203682
106,Léane,Boyd,21-06-1986,nunc.est@massasuspendisseeleifend.co.uk,0654817813
107,Maelys,Levy,28-03-1999,ipsum.non@tempuseuligula.edu,0694462791
108,Anthony,Cunningham,01-04-2005,quam.vel@nulla.net,0761125787
109,Zacharis,Pittman,24-06-2010,egestas.hendrerit.neque@placerataugue.com,0711700988
110,Mattéo,Mccoy,05-09-2005,urna@vivamusrhoncusdonec.co.uk,0730105788
111,Alexandra,Bonner,10-08-1958,nunc.quis.arcu@mattisornare.com,0776389957
112,Malik,Burgess,13-06-1984,ornare@sednecmetus.org,0746334346
113,Léon,Kim,03-02-1981,auctor@lorem.net,0655666329
114,Killian,Christensen,14-01-1955,nonummy.fusce.fermentum@vulputate.com,0604061172
115,Romane,Mccall,01-05-2014,malesuada@incursus.org,0676878549
116,Julia,Ochoa,27-06-2005,tincidunt@massalobortis.edu,0660220224
117,Romane,Clarke,16-06-1998,nec.tempus.mauris@donecnibhQuisque.com,0772373874
118,Louis,Bird,09-04-2005,venenatis.a@malesuada.net,0688704090
119,Antonin,Cobb,26-02-1970,sit@dolorFuscemi.co.uk,0692748044
120,Anthony,Franklin,02-12-1992,pharetra@quamelementumat.net,0715448894
121,Emma,Velazquez,08-11-2008,risus.nunc.ac@seddictumeleifend.com,0721256953
122,Mohamed,Vazquez,08-02-1965,etiam@ipsumphasellusvitae.ca,0700734048
123,Davy,Lynn,11-09-1953,tincidunt.nibh.phasellus@mattis.net,0685377500
124,Pierre,Tyson,08-03-2008,at.pretium.aliquet@mieleifendegestas.org,0765331900
125,Yohan,Benton,14-12-1972,enim.nec.tempus@ut.ca,0739033597
126,Jeanne,Ray,22-11-1989,mollis@mauris.org,0792431704
127,Charlotte,Joseph,22-06-1997,Ut.nec@vehicularisusNulla.org,0744550034
128,Colin,Berg,03-01-1994,luctus.vulputate@velit.ca,0649785933
129,Killian,Barber,02-08-1979,Vivamus@sit.ca,0623091891
130,Evan,Potter,13-11-1987,pede.malesuada.vel@sapiencursusin.co.uk,0679510562
131,Victor,Dodson,24-08-2003,class@acarcuNunc.net,0613518797
132,Tatiana,Mccarty,29-09-1996,dolor@sedeueros.ca,0642159099
133,Lorenzo,Harrison,15-02-2017,enim.mauris.quis@ipsumprimisin.co.uk,0701870917
134,Lisa,Rose,04-10-1968,senectus@sedduiFusce.net,0691053702
135,Killian,Sparks,10-07-2021,eget.metus.eu@Aenean.net,0748670641
136,Kilian,Mccoy,19-08-2009,dapibus.ligula.Aliquam@Integerid.net,0649572447
137,Chloé,Cleveland,09-01-1970,condimentum@tempor.org,0730493621
138,Gabriel,Dudley,14-08-1971,lacinia@velit.co.uk,0737706046
139,Amélie,Larson,26-01-1957,a@imperdietdictummagna.edu,0612854264
140,Julia,Ballard,18-04-1981,metus.facilisis@leoelementumsem.co.uk,0725414921
141,Jade,Oconnor,07-09-1995,arcu.Nunc@egestasAliquam.ca,0658573968
142,Yüna,Massey,12-12-2016,nec@Donecest.edu,0781063087
143,Mélissa,Daniel,24-02-1963,nulla@elit.co.uk,0634823704
144,Carla,Stanley,25-08-1990,lacus@a.com,0763186789
145,Nina,Pollard,29-12-2006,nulla@fuscealiquetmagna.net,0668933868
146,Kyllian,Hernandez,11-06-1982,nam.nulla.magna@lectus.com,0749429524
147,Jade,Holmes,25-05-1972,mollis.lectus@blanditviverradonec.net,0760212976
148,Margaux,Richmond,04-10-1951,at.velit@nec.edu,0600665050
149,Kimberley,Farley,26-10-1985,cursus.diam@facilisisnonbibendum.edu,0718016481
150,Davy,Miles,24-01-1968,quisque.ornare.tortor@necmalesuadaut.net,0794377800
151,Nathan,Carney,25-12-1983,Sed.congue@cursuset.ca,0679015986
152,Dimitri,Pugh,21-03-1967,nec.eleifend@penatibusetmagnis.ca,0678573281
153,Louna,Le,03-03-2014,gravida@eget.net,0794563129
154,Antonin,Winters,13-03-1958,etiam.vestibulum.massa@nonfeugiatnec.ca,0747270907
155,Candice,Gardner,10-05-1951,arcu.Sed@vitaedolorDonec.org,0616971561
156,Célia,Ayers,24-07-2011,et.rutrum@risus.net,0777383593
157,Léon,Booth,17-02-1953,hendrerit.consectetuer@mollis.co.uk,0680285172
158,Mohamed,Dorsey,16-01-1981,mollis.vitae.posuere@Nam.com,0712358197
159,Ambre,Conley,23-08-1965,est.ac.facilisis@quis.com,0668435066
160,Lina,Chan,28-02-1973,lacinia.vitae.sodales@congueelitsed.org,0649935384
161,Clotilde,Schroeder,23-10-1984,risus.donec.nibh@ipsumSuspendissesagittis.co.uk,0684368121
162,Anaïs,Sweeney,07-05-2013,arcu.Sed.et@etmagnisdis.ca,0720021183
163,Léo,Mckinney,19-09-1973,habitant@aliquam.co.uk,0754889046
164,Alexia,Bird,13-11-1975,donec.tempor.est@ornareelitelit.ca,0741013434
165,Florentin,Gallegos,22-11-2010,orci@vestibulumaccumsanneque.ca,0621023528
166,Carla,Watkins,10-11-1999,erat@sitamet.ca,0604817673
167,Émilie,Daniel,28-09-1985,magna.phasellus.dolor@infelis.edu,0654287540
168,Maïwenn,Mcclure,28-07-1990,aliquam@luctus.co.uk,0721271007
169,Rosalie,Love,01-09-1986,posuere@suspendissecommodotincidunt.net,0720742808
170,Romain,Burris,04-11-2013,at@atlacusquisque.co.uk,0773315656
171,Guillemette,Mann,23-10-1998,sem.eget@sempererat.co.uk,0718598629
172,Bastien,Rosa,01-05-1983,a.feugiat.tellus@ornareinfaucibus.net,0641407301
173,Lorenzo,Leblanc,21-01-1995,ultricies.ornare@malesuadaut.net,0741072386
174,Dimitri,Hobbs,22-09-1961,lacus.mauris@duilectusrutrum.net,0778297069
175,Macéo,Atkinson,17-07-1953,Phasellus@quismassaMauris.co.uk,0671625863
176,Mehdi,Underwood,05-05-2004,augue@erosnamconsequat.com,0632161656
177,Anna,Dillon,20-02-1995,vel.pede.blandit@risusinmi.edu,0675429824
178,Rémi,Stokes,05-08-1966,lacus.aliquam.rutrum@magna.ca,0776084301
179,Manon,Herring,18-05-2004,sem@magnaLoremipsum.net,0615608250
180,Pierre,Rodriquez,16-03-1984,massa@magna.org,0731239374
181,Lucas,Whitney,30-03-1951,risus.at@crasinterdumNunc.co.uk,0745349015
182,Anthony,Bray,26-08-2020,sem.ut@euultricessit.net,0681616968
183,Maïwenn,Clarke,30-10-1984,consequat.auctor.nunc@Utsagittis.org,0730739962
184,Maxence,Smith,11-07-1974,mollis.nec.cursus@asollicitudin.co.uk,0711997674
185,Léo,Flores,05-09-1998,montes.nascetur.ridiculus@Inscelerisquescelerisque.com,0702397952
186,Kevin,Pruitt,23-07-1975,erat@sit.org,0775398904
187,Élise,Rush,17-01-2009,a@Aliquamrutrum.co.uk,0686963662
188,Lily,Allen,10-11-1952,posuere@ac.org,0648957290
189,Guillemette,Dudley,29-04-1976,dignissim@penatibusetmagnis.net,0617487594
190,Mélissa,Holman,30-04-1972,arcu@liberonec.ca,0748098284
191,Marwane,Pierce,17-03-1953,semper.auctor.Mauris@diam.com,0687659393
192,Anthony,Horton,25-06-2021,nibh.quisque@afelisullamcorper.co.uk,0792325173
193,Anna,Witt,26-02-2004,lacinia@orciin.com,0603277667
194,Benjamin,Reeves,24-06-1975,phasellus@cursusetmagna.edu,0711656234
195,Lamia,Donovan,01-07-2021,id.enim.Curabitur@aeneansedpede.edu,0793132009
196,Cédric,Meyers,08-01-2020,et.euismod.et@lacusCrasinterdum.co.uk,0768401925
197,Lucas,Tucker,21-12-1965,urna.Ut.tincidunt@liberoproinmi.ca,0777959555
198,Elsa,Hayden,12-06-1974,vitae@augueacipsum.net,0700673239
199,Alexandre,Santiago,25-06-2010,lectus.convallis.est@ligula.co.uk,0691137990
200,Gaspard,Leonard,15-01-2011,proin@venenatis.co.uk,0667817051